date,obs_pm25,obs_hours,cams_pm25,cams_issue_date,temp_mean,rh_mean,wind_speed_mean,wind_dir_mean,fire_count,ingested_at
2025-02-19,52.4,23,61.08,,17.8,58.08,5.48,302.68,13,2026-10-10T01:39:56+05:30
2025-02-20,24.3,24,50.31,,16.44,81.33,9.91,123.77,15,2026-10-10T01:39:56+05:30
2025-02-21,39.6,24,69.91,,16.96,74.96,6.66,336.43,20,2026-10-10T01:39:56+05:30
2025-02-22,33.2,24,54.3,,16.94,65.54,9.61,305.81,24,2026-10-10T01:39:56+05:30
2025-02-23,37.4,24,74.07,,16.72,66.12,5.47,303.5,58,2026-10-10T01:39:56+05:30
2025-02-24,50.3,24,84.76,,17.39,71.29,5.27,311.06,35,2026-10-10T01:39:56+05:30
2025-02-25,60.9,24,62.21,,16.77,82.79,3.78,319.23,8,2026-10-10T01:39:56+05:30
2025-02-26,56.3,24,57.64,,19.55,68.67,5.38,117.54,4,2026-10-10T01:39:56+05:30
2025-02-27,32.8,24,29.93,,17.98,81.21,7.95,112.19,0,2026-10-10T01:39:56+05:30
2025-02-28,20.3,24,29.48,,16.7,89.29,11.3,137.07,27,2026-10-10T01:39:56+05:30
2025-03-01,17.7,24,42.17,,17.53,82.42,4.97,38.11,9,2026-10-10T01:39:56+05:30
2025-03-02,27.5,24,46.77,,16.72,65.54,7.44,318.01,25,2026-10-10T01:39:56+05:30
2025-03-03,38.1,23,49.21,,15.75,76.12,4.31,26.35,17,2026-10-10T01:39:56+05:30
2025-03-04,22.2,24,54.23,,16.74,76.46,7.61,331.74,48,2026-10-10T01:39:56+05:30
2025-03-05,20.7,24,82.61,,15.74,58.33,12.88,305.73,86,2026-10-10T01:39:56+05:30
2025-03-06,29.7,24,57.14,,16.38,54.46,8.95,304.31,62,2026-10-10T01:39:56+05:30
2025-03-07,42.7,24,45.93,,18.35,60.21,7.05,317.64,47,2026-10-10T01:39:56+05:30
2025-03-08,47.5,24,52.69,,19.07,60.79,6.59,318.44,56,2026-10-10T01:39:56+05:30
2025-03-09,65.6,24,54.73,,20.2,56.79,3.95,78.81,14,2026-10-10T01:39:56+05:30
2025-03-10,70.5,24,68.74,,20.95,64.12,6.71,108.67,56,2026-10-10T01:39:56+05:30
2025-03-11,78.7,24,75.93,,20.3,67.54,6.62,7.45,22,2026-10-10T01:39:56+05:30
2025-03-12,41.3,24,60.89,,21.71,62.92,7.13,317.63,30,2026-10-10T01:39:56+05:30
2025-03-13,38.5,24,46.65,,21.99,60.67,6.92,21.81,27,2026-10-10T01:39:56+05:30
2025-03-14,36.7,24,49.16,,20.86,65.79,5.6,107.25,14,2026-10-10T01:39:56+05:30
2025-03-15,13.8,24,31.88,,18.57,75.5,7.64,37.51,20,2026-10-10T01:39:56+05:30
2025-03-16,25.0,24,41.2,,19.51,75.62,5.09,329.97,48,2026-10-10T01:39:56+05:30
2025-03-17,33.1,24,52.43,,19.52,64.71,5.02,308.29,27,2026-10-10T01:39:56+05:30
2025-03-18,33.7,24,50.8,,20.14,61.42,7.22,311.58,36,2026-10-10T01:39:56+05:30
2025-03-19,37.6,24,45.42,,21.43,56.21,6.21,316.32,49,2026-10-10T01:39:56+05:30
2025-03-20,36.0,24,52.45,,21.57,58.46,5.45,321.08,59,2026-10-10T01:39:56+05:30
2025-03-21,33.7,24,54.17,,21.97,45.92,7.97,313.57,58,2026-10-10T01:39:56+05:30
2025-03-22,42.5,24,49.8,,21.43,48.5,4.78,299.81,37,2026-10-10T01:39:56+05:30
2025-03-23,57.6,24,60.6,,22.0,60.08,5.22,235.78,37,2026-10-10T01:39:56+05:30
2025-03-24,56.5,24,62.88,,23.37,57.83,4.13,232.75,29,2026-10-10T01:39:56+05:30
2025-03-25,67.4,18,65.42,,24.21,58.04,4.83,36.11,19,2026-10-10T01:39:56+05:30
2025-03-26,51.6,16,68.57,,23.26,60.75,4.33,43.6,32,2026-10-10T01:39:56+05:30
2025-03-27,68.9,24,70.1,,25.61,50.54,5.73,224.56,33,2026-10-10T01:39:56+05:30
2025-03-28,54.8,24,71.9,,21.4,43.54,9.83,301.62,34,2026-10-10T01:39:56+05:30
2025-03-29,28.6,24,90.19,,18.69,48.5,11.51,308.95,31,2026-10-10T01:39:56+05:30
2025-03-30,25.8,22,62.19,,20.43,47.38,7.79,303.98,45,2026-10-10T01:39:56+05:30
2025-03-31,40.6,24,52.24,,22.36,40.62,7.32,314.83,59,2026-10-10T01:39:56+05:30
2025-04-01,55.7,22,52.41,,23.07,37.71,8.0,319.09,59,2026-10-10T01:39:56+05:30
2025-04-02,64.4,24,43.3,,24.0,35.75,6.09,336.07,69,2026-10-10T01:39:56+05:30
2025-04-03,49.6,24,43.54,,23.63,49.62,4.95,61.03,46,2026-10-10T01:39:56+05:30
2025-04-04,41.0,24,43.57,,24.7,41.42,6.4,328.44,62,2026-10-10T01:39:56+05:30
2025-04-05,31.7,24,53.01,,25.19,44.92,6.85,302.97,50,2026-10-10T01:39:56+05:30
2025-04-06,42.2,19,42.94,,27.48,41.04,4.63,308.46,62,2026-10-10T01:39:56+05:30
2025-04-07,58.1,24,58.38,,28.64,46.83,5.15,107.66,25,2026-10-10T01:39:56+05:30
2025-04-08,61.6,24,72.35,,29.24,47.83,7.67,127.21,18,2026-10-10T01:39:56+05:30
2025-04-09,79.3,6,76.5,,28.18,60.08,7.34,120.77,4,2026-10-10T01:39:56+05:30
2025-04-11,47.3,5,107.83,,24.78,69.79,11.58,114.29,17,2026-10-10T01:39:56+05:30
2025-04-12,23.4,24,55.05,,24.64,66.25,8.31,96.35,11,2026-10-10T01:39:56+05:30
2025-04-13,32.0,24,38.9,,27.28,50.38,4.76,48.4,30,2026-10-10T01:39:56+05:30
2025-04-14,65.0,13,63.81,,27.92,53.46,5.47,107.42,41,2026-10-10T01:39:56+05:30
2025-04-15,47.3,15,71.85,,27.74,60.04,7.1,121.48,34,2026-10-10T01:39:56+05:30
2025-04-16,65.7,14,76.08,,29.42,53.83,5.67,113.95,87,2026-10-10T01:39:56+05:30
2025-04-17,43.1,24,66.75,,30.67,50.92,4.67,21.5,38,2026-10-10T01:39:56+05:30
2025-04-18,53.3,18,63.98,,30.38,53.58,7.98,121.89,39,2026-10-10T01:39:56+05:30
2025-04-19,41.5,13,154.41,,29.49,55.54,16.44,117.01,97,2026-10-10T01:39:56+05:30
2025-04-20,44.4,24,130.35,,28.5,50.38,15.39,111.84,100,2026-10-10T01:39:56+05:30
2025-04-21,58.4,24,80.3,,30.92,40.0,7.16,107.62,130,2026-10-10T01:39:56+05:30
2025-04-22,66.8,24,58.02,,31.2,35.83,4.59,290.8,129,2026-10-10T01:39:56+05:30
2025-04-23,65.6,24,57.55,,30.21,29.83,7.4,325.65,174,2026-10-10T01:39:56+05:30
2025-04-24,63.4,24,37.81,,30.17,27.92,5.43,32.79,362,2026-10-10T01:39:56+05:30
2025-04-25,52.9,24,27.51,,30.16,25.33,5.65,32.14,637,2026-10-10T01:39:56+05:30
2025-04-26,49.7,24,35.24,,30.17,25.33,5.86,37.99,407,2026-10-10T01:39:56+05:30
2025-04-27,66.4,24,37.59,,31.42,25.5,4.2,64.25,735,2026-10-10T01:39:56+05:30
2025-04-28,60.9,24,76.26,,31.22,35.46,7.36,129.88,377,2026-10-10T01:39:56+05:30
2025-04-29,57.9,22,117.69,,29.75,53.33,10.74,127.52,673,2026-10-10T01:39:56+05:30
2025-04-30,49.7,24,102.08,,30.75,50.92,8.73,123.37,762,2026-10-10T01:39:56+05:30
2025-05-01,53.7,24,111.6,,28.31,56.54,12.99,111.14,594,2026-10-10T01:39:56+05:30
2025-05-02,25.8,24,100.87,,27.81,59.17,8.01,112.18,18,2026-10-10T01:39:56+05:30
2025-05-03,39.7,24,60.96,,26.76,68.04,6.11,115.14,76,2026-10-10T01:39:56+05:30
2025-05-04,52.7,24,89.35,,25.8,73.46,6.72,102.74,858,2026-10-10T01:39:56+05:30
2025-05-05,9.68,24,63.86,,26.58,69.21,8.55,118.03,104,2026-10-10T01:39:56+05:30
2025-05-06,15.9,24,73.98,,27.3,68.5,7.63,136.69,471,2026-10-10T01:39:56+05:30
2025-05-07,20.1,20,63.39,,26.5,75.67,4.29,107.37,1141,2026-10-10T01:39:56+05:30
2025-05-08,28.6,24,61.96,,29.29,60.42,3.52,60.88,643,2026-10-10T01:39:56+05:30
2025-05-09,35.6,24,58.9,,28.79,67.46,4.15,90.68,612,2026-10-10T01:39:56+05:30
2025-05-10,67.8,24,55.58,,27.13,74.0,4.88,41.4,1561,2026-10-10T01:39:56+05:30
2025-05-11,52.7,24,71.07,,30.55,57.46,4.93,110.35,3147,2026-10-10T01:39:56+05:30
2025-05-12,106.0,23,60.68,,32.01,47.33,8.05,176.69,1594,2026-10-10T01:39:56+05:30
2025-05-13,116.0,23,64.85,,32.68,38.04,4.82,306.32,2674,2026-10-10T01:39:56+05:30
2025-05-14,59.4,24,53.98,,32.92,38.75,6.38,312.21,2117,2026-10-10T01:39:56+05:30
2025-05-15,89.1,23,54.61,,33.88,31.21,5.67,338.89,2279,2026-10-10T01:39:56+05:30
2025-05-16,63.9,24,66.14,,34.45,35.75,7.17,137.88,2418,2026-10-10T01:39:56+05:30
2025-05-17,75.6,24,111.73,,33.25,46.67,10.45,129.96,1230,2026-10-10T01:39:56+05:30
2025-05-18,74.6,24,130.84,,33.65,53.0,12.21,133.88,1450,2026-10-10T01:39:56+05:30
2025-05-19,70.8,24,143.69,,33.48,55.0,14.33,127.85,337,2026-10-10T01:39:56+05:30
2025-05-20,73.7,23,128.58,,32.73,58.71,9.97,122.89,739,2026-10-10T01:39:56+05:30
2025-05-21,69.4,22,154.86,,33.29,55.83,13.37,127.07,530,2026-10-10T01:39:56+05:30
2025-05-22,21.3,24,184.05,,33.33,56.25,11.96,127.11,264,2026-10-10T01:39:56+05:30
2025-05-23,32.0,24,142.54,,33.45,49.17,11.21,119.07,373,2026-10-10T01:39:56+05:30
2025-05-24,43.0,22,138.04,,29.69,65.46,12.22,109.27,237,2026-10-10T01:39:56+05:30
2025-05-25,15.1,17,56.45,,32.21,53.17,7.42,114.33,119,2026-10-10T01:39:56+05:30
2025-05-26,40.3,6,53.05,,31.77,58.75,5.74,127.87,300,2026-10-10T01:39:56+05:30
2025-05-27,36.7,23,72.14,,30.96,66.92,6.48,130.73,262,2026-10-10T01:39:56+05:30
2025-05-28,41.6,15,94.83,,31.19,66.29,6.43,119.29,273,2026-10-10T01:39:56+05:30
2025-05-29,46.9,24,110.91,,32.96,55.42,8.62,157.5,360,2026-10-10T01:39:56+05:30
2025-05-30,37.3,24,163.12,,30.82,62.38,10.8,117.07,35,2026-10-10T01:39:56+05:30
2025-05-31,45.8,24,128.13,,32.8,54.21,9.25,125.9,96,2026-10-10T01:39:56+05:30
2025-06-01,51.1,23,72.09,,31.42,52.71,5.24,83.29,159,2026-10-10T01:39:56+05:30
2025-06-02,41.5,24,115.62,,29.31,59.5,6.99,121.31,108,2026-10-10T01:39:56+05:30
2025-06-03,30.4,12,77.53,,27.72,66.29,10.56,125.15,57,2026-10-10T01:39:56+05:30
2025-06-04,18.8,24,74.73,,28.12,66.58,8.75,113.22,20,2026-10-10T01:39:56+05:30
2025-06-05,22.8,24,94.92,,30.12,55.79,5.48,117.84,65,2026-10-10T01:39:56+05:30
2025-06-06,34.5,24,85.88,,31.89,49.33,5.92,18.32,76,2026-10-10T01:39:56+05:30
2025-06-07,60.5,24,91.26,,32.93,51.54,6.36,274.9,39,2026-10-10T01:39:56+05:30
2025-06-08,68.7,24,116.16,,34.35,50.04,6.55,264.58,85,2026-10-10T01:39:56+05:30
2025-06-09,55.9,24,102.05,,35.3,43.21,6.91,290.0,55,2026-10-10T01:39:56+05:30
2025-06-10,53.4,24,104.62,,35.7,37.71,4.52,255.68,80,2026-10-10T01:39:56+05:30
2025-06-11,75.7,24,103.08,,35.41,52.42,9.42,133.65,119,2026-10-10T01:39:56+05:30
2025-06-12,61.5,24,184.94,,35.12,53.96,11.21,126.69,157,2026-10-10T01:39:56+05:30
2025-06-13,47.8,23,201.0,,34.48,58.83,11.99,125.14,118,2026-10-10T01:39:56+05:30
2025-06-14,41.5,24,116.55,,33.95,62.08,8.45,127.9,123,2026-10-10T01:39:56+05:30
2025-06-15,34.4,24,150.63,,33.19,64.75,10.45,134.17,1,2026-10-10T01:39:56+05:30
2025-06-16,27.3,24,99.91,,27.66,85.42,8.59,107.83,9,2026-10-10T01:39:56+05:30
2025-06-17,23.9,24,57.67,,28.62,82.67,6.64,97.03,3,2026-10-10T01:39:56+05:30
2025-06-18,24.0,23,72.8,,29.5,77.62,7.51,126.14,113,2026-10-10T01:39:56+05:30
2025-06-19,23.8,24,82.34,,30.4,77.38,6.54,128.15,189,2026-10-10T01:39:56+05:30
2025-06-20,27.8,23,71.65,,30.15,77.17,9.39,128.69,3,2026-10-10T01:39:56+05:30
2025-06-21,22.3,19,73.47,,31.0,74.17,5.36,133.14,78,2026-10-10T01:39:56+05:30
2025-06-22,27.0,23,43.15,,29.36,80.0,8.2,119.63,6,2026-10-10T01:39:56+05:30
2025-06-23,24.2,19,54.21,,30.45,77.62,3.9,117.29,23,2026-10-10T01:39:56+05:30
2025-06-24,20.5,10,44.27,,31.51,71.29,7.61,128.37,22,2026-10-10T01:39:56+05:30
2025-06-25,19.4,12,27.94,,29.35,80.17,8.61,123.64,1,2026-10-10T01:39:56+05:30
2025-06-26,20.6,24,34.85,,29.77,81.88,7.07,117.54,5,2026-10-10T01:39:56+05:30
2025-06-27,19.5,21,37.32,,30.81,77.67,6.26,114.77,11,2026-10-10T01:39:56+05:30
2025-06-28,17.2,19,47.91,,28.94,84.38,5.3,103.99,4,2026-10-10T01:39:56+05:30
2025-06-29,12.1,22,29.66,,27.39,87.75,5.22,121.52,1,2026-10-10T01:39:56+05:30
2025-06-30,14.7,15,35.31,,27.8,86.08,5.8,119.55,5,2026-10-10T01:39:56+05:30
2025-07-01,11.4,24,36.45,,30.15,74.42,7.12,125.11,3,2026-10-10T01:39:56+05:30
2025-07-02,16.0,22,46.73,,30.2,77.62,6.62,136.22,12,2026-10-10T01:39:56+05:30
2025-07-03,14.7,24,42.27,,30.07,80.79,7.21,106.41,21,2026-10-10T01:39:56+05:30
2025-07-04,16.4,21,51.07,,30.55,76.96,6.54,120.29,49,2026-10-10T01:39:56+05:30
2025-07-05,19.7,23,61.06,,30.79,77.08,4.4,144.99,0,2026-10-10T01:39:56+05:30
2025-07-06,15.6,24,66.3,,29.75,80.96,5.28,133.33,0,2026-10-10T01:39:56+05:30
2025-07-07,16.3,24,55.53,,27.44,89.75,6.58,127.71,0,2026-10-10T01:39:56+05:30
2025-07-08,21.3,24,47.53,,27.37,91.58,3.73,154.31,5,2026-10-10T01:39:56+05:30
2025-07-09,13.9,23,41.38,,27.12,91.38,6.62,140.76,0,2026-10-10T01:39:56+05:30
2025-07-10,9.76,24,24.32,,26.47,90.54,9.92,122.94,2,2026-10-10T01:39:56+05:30
2025-07-11,17.5,24,55.96,,27.34,86.62,6.18,127.09,5,2026-10-10T01:39:56+05:30
2025-07-12,23.0,24,86.88,,29.18,82.38,4.16,133.19,9,2026-10-10T01:39:56+05:30
2025-07-13,28.3,24,77.18,,29.23,85.25,3.19,85.88,0,2026-10-10T01:39:56+05:30
2025-07-14,13.7,24,48.56,,28.39,88.58,8.24,86.49,1,2026-10-10T01:39:56+05:30
2025-07-15,12.1,24,33.82,,28.37,83.96,15.43,113.94,1,2026-10-10T01:39:56+05:30
2025-07-16,12.3,24,31.68,,27.69,86.5,13.42,129.61,3,2026-10-10T01:39:56+05:30
2025-07-17,15.6,23,45.82,,28.07,85.54,6.15,141.12,0,2026-10-10T01:39:56+05:30
2025-07-18,18.4,24,63.51,,29.56,71.88,4.83,39.21,3,2026-10-10T01:39:56+05:30
2025-07-19,18.6,24,73.97,,30.39,74.83,7.33,124.01,6,2026-10-10T01:39:56+05:30
2025-07-20,16.3,24,81.97,,30.64,75.0,3.9,223.13,4,2026-10-10T01:39:56+05:30
2025-07-21,15.3,24,77.41,,27.24,90.54,6.76,141.31,0,2026-10-10T01:39:56+05:30
2025-07-22,19.4,24,59.52,,25.43,94.54,7.08,121.44,0,2026-10-10T01:39:56+05:30
2025-07-23,19.9,24,56.83,,27.93,88.0,4.38,138.7,0,2026-10-10T01:39:56+05:30
2025-07-24,20.5,19,58.75,,29.61,83.04,4.14,275.37,1,2026-10-10T01:39:56+05:30
2025-07-25,20.3,15,63.58,,30.33,81.42,4.89,284.77,2,2026-10-10T01:39:56+05:30
2025-07-26,14.1,24,62.77,,29.43,87.92,5.44,115.37,3,2026-10-10T01:39:56+05:30
2025-07-27,21.2,24,67.96,,29.89,82.96,4.75,122.79,1,2026-10-10T01:39:56+05:30
2025-07-28,15.5,24,57.82,,30.07,80.0,4.71,136.47,1,2026-10-10T01:39:56+05:30
2025-07-29,12.3,24,41.63,,27.72,87.08,11.94,121.81,0,2026-10-10T01:39:56+05:30
2025-07-30,12.4,24,41.57,,28.56,81.25,9.36,121.17,1,2026-10-10T01:39:56+05:30
2025-07-31,6.89,23,41.74,,28.54,87.33,7.1,114.18,1,2026-10-10T01:39:56+05:30
2025-08-01,15.1,16,42.21,,27.54,92.04,7.19,111.83,3,2026-10-10T01:39:56+05:30
2025-08-02,11.2,24,44.62,,27.61,91.88,5.31,107.35,1,2026-10-10T01:39:56+05:30
2025-08-03,17.3,24,64.36,,27.46,92.04,4.07,106.03,1,2026-10-10T01:39:56+05:30
2025-08-04,21.1,24,50.75,,28.51,85.04,4.47,262.59,1,2026-10-10T01:39:56+05:30
2025-08-05,17.6,22,62.81,,27.87,89.38,5.57,144.18,6,2026-10-10T01:39:56+05:30
2025-08-06,17.3,13,88.01,,27.51,90.62,6.13,131.24,7,2026-10-10T01:39:56+05:30
2025-08-07,23.5,24,97.78,,29.77,78.0,4.42,298.28,3,2026-10-10T01:39:56+05:30
2025-08-08,31.7,24,97.5,,30.37,76.21,4.54,302.24,1,2026-10-10T01:39:56+05:30
2025-08-09,17.7,23,105.18,,28.32,88.33,5.28,160.4,1,2026-10-10T01:39:56+05:30
2025-08-10,21.6,24,107.77,,28.05,88.54,3.68,149.09,1,2026-10-10T01:39:56+05:30
2025-08-11,17.3,23,94.83,,28.07,90.92,3.71,144.62,1,2026-10-10T01:39:56+05:30
2025-08-12,14.2,24,57.26,,27.03,91.21,6.27,112.89,0,2026-10-10T01:39:56+05:30
2025-08-13,24.9,24,85.35,,29.24,82.92,4.05,141.14,0,2026-10-10T01:39:56+05:30
2025-08-14,12.7,24,55.22,,26.99,91.83,10.2,118.99,0,2026-10-10T01:39:56+05:30
2025-08-15,12.3,24,75.39,,26.99,90.75,7.4,121.73,0,2026-10-10T01:39:56+05:30
2025-08-16,19.8,24,59.25,,27.38,92.71,3.55,126.55,1,2026-10-10T01:39:56+05:30
2025-08-17,17.9,24,44.46,,28.7,87.33,5.26,126.8,3,2026-10-10T01:39:56+05:30
2025-08-18,10.1,23,43.28,,28.5,87.12,7.44,110.92,1,2026-10-10T01:39:56+05:30
2025-08-19,16.9,22,48.21,,28.93,83.54,6.75,120.67,1,2026-10-10T01:39:56+05:30
2025-08-20,7.94,14,43.51,,28.49,86.58,5.53,102.93,5,2026-10-10T01:39:56+05:30
2025-08-21,11.2,24,48.5,,29.53,79.38,5.11,128.33,10,2026-10-10T01:39:56+05:30
2025-08-22,16.1,22,70.87,,28.04,84.46,5.87,127.13,7,2026-10-10T01:39:56+05:30
2025-08-23,10.7,24,35.68,,27.43,89.38,7.15,116.49,1,2026-10-10T01:39:56+05:30
2025-08-24,5.69,24,43.45,,27.92,87.79,6.68,99.79,0,2026-10-10T01:39:56+05:30
2025-08-25,5.14,24,30.3,,25.31,93.12,7.55,44.67,0,2026-10-10T01:39:56+05:30
2025-08-26,4.97,24,21.7,,26.27,92.0,10.79,126.45,1,2026-10-10T01:39:56+05:30
2025-08-27,8.35,15,37.48,,27.19,90.25,7.02,121.27,0,2026-10-10T01:39:56+05:30
2025-08-28,14.8,14,53.81,,27.83,87.33,5.49,129.23,1,2026-10-10T01:39:56+05:30
2025-08-29,8.43,24,30.02,,26.4,92.29,8.17,120.36,3,2026-10-10T01:39:56+05:30
2025-08-30,7.04,24,35.5,,26.83,90.42,7.4,120.67,3,2026-10-10T01:39:56+05:30
2025-08-31,8.53,24,32.36,,26.07,92.04,8.62,114.59,2,2026-10-10T01:39:56+05:30
2025-09-01,6.42,24,23.4,,23.71,93.42,11.76,74.94,0,2026-10-10T01:39:56+05:30
2025-09-02,3.93,24,19.29,,23.05,94.62,11.86,99.89,1,2026-10-10T01:39:56+05:30
2025-09-03,2.45,16,13.4,,24.32,91.96,6.62,98.71,1,2026-10-10T01:39:56+05:30
2025-09-04,6.5,16,23.1,,25.47,91.04,4.57,20.82,5,2026-10-10T01:39:56+05:30
2025-09-05,11.0,24,42.63,,27.59,87.12,4.11,96.53,0,2026-10-10T01:39:56+05:30
2025-09-06,8.37,24,36.9,,27.06,93.21,6.33,97.82,2,2026-10-10T01:39:56+05:30
2025-09-07,10.2,24,39.96,,26.76,92.75,7.78,112.94,7,2026-10-10T01:39:56+05:30
2025-09-08,9.93,18,36.45,,26.41,92.88,6.54,120.01,6,2026-10-10T01:39:56+05:30
2025-09-09,15.3,24,45.73,,27.8,85.58,5.37,298.47,2,2026-10-10T01:39:56+05:30
2025-09-10,12.9,22,28.82,,28.94,77.79,8.86,303.92,1,2026-10-10T01:39:56+05:30
2025-09-11,13.7,24,31.18,,28.74,74.08,6.93,282.49,6,2026-10-10T01:39:56+05:30
2025-09-12,12.7,24,33.25,,28.39,78.08,5.02,292.32,12,2026-10-10T01:39:56+05:30
2025-09-13,11.4,24,38.27,,27.8,86.71,3.85,230.7,8,2026-10-10T01:39:56+05:30
2025-09-14,11.4,24,41.77,,27.87,84.67,3.75,218.2,11,2026-10-10T01:39:56+05:30
2025-09-15,15.4,24,42.1,,29.34,77.96,5.15,104.58,10,2026-10-10T01:39:56+05:30
2025-09-16,14.3,21,56.24,,27.46,83.0,8.3,114.61,21,2026-10-10T01:39:56+05:30
2025-09-17,15.4,15,63.04,,28.31,78.04,3.74,117.34,28,2026-10-10T01:39:56+05:30
2025-09-18,13.7,19,56.97,,28.26,81.04,4.46,120.59,26,2026-10-10T01:39:56+05:30
2025-09-19,18.4,24,48.16,,27.82,84.17,4.4,123.93,10,2026-10-10T01:39:56+05:30
2025-09-20,23.7,24,48.77,,28.34,80.67,4.57,313.44,2,2026-10-10T01:39:56+05:30
2025-09-21,24.0,24,53.08,,29.04,69.83,5.56,321.36,10,2026-10-10T01:39:56+05:30
2025-09-22,25.9,24,62.42,,29.52,72.58,5.62,311.09,22,2026-10-10T01:39:56+05:30
2025-09-23,20.8,24,53.96,,28.7,70.17,6.31,291.82,24,2026-10-10T01:39:56+05:30
2025-09-24,17.0,23,51.06,,28.36,66.88,6.52,300.5,55,2026-10-10T01:39:56+05:30
2025-09-25,18.7,24,50.27,,28.33,70.62,5.46,304.62,25,2026-10-10T01:39:56+05:30
2025-09-26,23.8,22,52.36,,28.91,71.08,6.16,317.11,18,2026-10-10T01:39:56+05:30
2025-09-27,31.2,23,49.35,,29.06,73.08,2.39,324.94,31,2026-10-10T01:39:56+05:30
2025-09-28,27.8,23,52.22,,29.68,73.5,3.11,159.48,68,2026-10-10T01:39:56+05:30
2025-09-29,34.7,24,50.91,,28.87,80.42,4.74,163.87,78,2026-10-10T01:39:56+05:30
2025-09-30,33.3,24,67.65,,27.61,84.0,7.21,129.55,21,2026-10-10T01:39:56+05:30
2025-10-01,22.1,15,63.68,,30.05,59.38,5.17,353.99,26,2026-10-10T01:39:56+05:30
2025-10-02,30.0,22,52.55,,27.79,71.46,5.88,113.64,44,2026-10-10T01:39:56+05:30
2025-10-03,16.6,24,47.85,,28.51,69.79,5.23,47.51,65,2026-10-10T01:39:56+05:30
2025-10-04,29.0,24,92.44,,29.0,58.17,10.55,319.9,131,2026-10-10T01:39:56+05:30
2025-10-05,19.6,24,73.95,,27.8,57.33,9.67,304.78,36,2026-10-10T01:39:56+05:30
2025-10-06,10.7,24,52.66,,22.35,83.29,14.28,112.59,0,2026-10-10T01:39:56+05:30
2025-10-07,6.78,24,29.01,,20.93,89.88,10.57,119.6,10,2026-10-10T01:39:56+05:30
2025-10-08,13.3,24,31.78,,20.54,88.75,4.21,47.08,28,2026-10-10T01:39:56+05:30
2025-10-09,19.5,24,48.43,,22.12,79.75,7.46,304.88,62,2026-10-10T01:39:56+05:30
2025-10-10,26.8,22,65.9,,22.5,73.08,7.97,292.79,100,2026-10-10T01:39:56+05:30
2025-10-11,26.8,23,68.28,,23.22,70.54,9.03,306.86,80,2026-10-10T01:39:56+05:30
2025-10-12,34.5,24,76.27,,23.34,67.92,8.67,306.47,83,2026-10-10T01:39:56+05:30
2025-10-13,34.7,24,61.82,,23.22,68.0,6.9,307.28,95,2026-10-10T01:39:56+05:30
2025-10-14,47.8,24,65.77,,23.55,63.96,6.17,307.9,176,2026-10-10T01:39:56+05:30
2025-10-15,40.9,22,64.92,,24.14,64.54,5.21,312.56,196,2026-10-10T01:39:56+05:30
2025-10-16,39.3,24,70.74,,24.57,63.0,6.27,315.4,165,2026-10-10T01:39:56+05:30
2025-10-17,37.8,24,71.37,,24.91,62.71,7.01,319.0,124,2026-10-10T01:39:56+05:30
2025-10-18,39.4,24,63.91,,25.04,61.0,7.31,328.22,183,2026-10-10T01:39:56+05:30
2025-10-19,37.8,24,59.73,,25.3,61.79,6.09,339.57,253,2026-10-10T01:39:56+05:30
2025-10-20,69.6,18,56.39,,25.47,61.21,5.37,10.85,386,2026-10-10T01:39:56+05:30
2025-10-21,118.0,21,74.76,,25.92,54.71,5.78,358.16,230,2026-10-10T01:39:56+05:30
2025-10-22,93.9,24,94.39,,25.13,47.5,8.43,320.08,153,2026-10-10T01:39:56+05:30
2025-10-23,58.8,24,71.38,,24.4,52.75,7.06,313.62,142,2026-10-10T01:39:56+05:30
2025-10-24,55.5,24,74.99,,24.15,56.79,3.12,351.0,158,2026-10-10T01:39:56+05:30
2025-10-25,59.1,24,76.47,,24.1,58.75,5.29,347.18,303,2026-10-10T01:39:56+05:30
2025-10-26,80.1,10,84.18,,23.56,62.38,5.18,5.13,393,2026-10-10T01:39:56+05:30
2025-10-27,52.2,20,83.5,,23.27,64.54,5.4,29.74,127,2026-10-10T01:39:56+05:30
2025-10-28,56.3,21,92.37,,23.82,58.54,5.31,73.32,98,2026-10-10T01:39:56+05:30
2025-10-29,86.1,24,104.19,,23.64,61.17,8.85,347.96,220,2026-10-10T01:39:56+05:30
2025-10-30,58.1,24,82.25,,24.05,65.33,4.21,1.12,297,2026-10-10T01:39:56+05:30
2025-10-31,58.7,24,91.91,,24.2,65.42,8.08,306.97,489,2026-10-10T01:39:56+05:30
2025-11-01,106.0,23,100.55,,24.22,54.5,9.95,314.11,344,2026-10-10T01:39:56+05:30
2025-11-02,141.0,24,110.54,,23.5,55.08,11.43,310.15,334,2026-10-10T01:39:56+05:30
2025-11-03,101.0,18,101.08,,22.88,58.75,7.16,309.4,274,2026-10-10T01:39:56+05:30
2025-11-04,72.5,11,84.13,,22.07,63.75,11.67,134.84,371,2026-10-10T01:39:56+05:30
2025-11-05,34.9,24,62.0,,21.94,60.21,10.41,340.82,358,2026-10-10T01:39:56+05:30
2025-11-06,51.0,23,68.68,,19.6,51.88,12.31,307.61,327,2026-10-10T01:39:56+05:30
2025-11-07,77.5,24,62.62,,19.86,45.96,11.52,303.99,255,2026-10-10T01:39:56+05:30
2025-11-08,83.4,24,58.59,,19.63,42.62,10.03,306.22,354,2026-10-10T01:39:56+05:30
2025-11-09,82.7,24,53.7,,19.64,42.67,10.56,312.05,464,2026-10-10T01:39:56+05:30
2025-11-10,73.2,18,61.19,,19.45,45.12,8.28,317.43,416,2026-10-10T01:39:56+05:30
2025-11-11,67.1,24,75.79,,19.23,47.33,10.44,316.85,368,2026-10-10T01:39:56+05:30
2025-11-12,61.8,24,71.55,,19.44,46.04,11.44,312.26,12,2026-10-10T01:39:56+05:30
2025-11-13,70.9,24,73.59,,18.89,48.04,10.64,313.45,175,2026-10-10T01:39:56+05:30
2025-11-14,73.9,23,61.27,,18.71,47.79,9.91,309.85,177,2026-10-10T01:39:56+05:30
2025-11-15,67.5,24,61.97,,18.78,49.75,10.31,318.44,230,2026-10-10T01:39:56+05:30
2025-11-16,66.5,24,62.75,,18.7,51.92,8.75,322.6,273,2026-10-10T01:39:56+05:30
2025-11-17,65.7,24,91.9,,17.97,60.0,6.63,350.54,106,2026-10-10T01:39:56+05:30
2025-11-18,61.7,19,104.14,,18.38,59.92,6.62,345.18,81,2026-10-10T01:39:56+05:30
2025-11-19,75.8,24,101.35,,18.27,60.29,3.35,354.28,77,2026-10-10T01:39:56+05:30
2025-11-20,62.1,24,109.83,,18.28,63.08,2.08,84.63,95,2026-10-10T01:39:56+05:30
2025-11-21,76.2,24,127.22,,18.28,64.83,3.72,110.83,117,2026-10-10T01:39:56+05:30
2025-11-22,69.9,24,140.14,,18.36,58.79,7.38,326.13,77,2026-10-10T01:39:56+05:30
2025-11-23,69.3,22,124.45,,17.43,62.25,6.36,329.52,45,2026-10-10T01:39:56+05:30
2025-11-24,71.8,24,85.5,,16.87,61.88,7.43,318.32,43,2026-10-10T01:39:56+05:30
2025-11-25,61.7,24,72.79,,16.07,63.25,9.01,312.14,43,2026-10-10T01:39:56+05:30
2025-11-26,54.2,24,87.48,,15.85,67.0,7.1,323.5,59,2026-10-10T01:39:56+05:30
2025-11-27,60.1,24,97.75,,15.29,71.21,4.69,351.91,82,2026-10-10T01:39:56+05:30
2025-11-28,49.3,24,70.23,,16.1,61.92,9.72,321.61,26,2026-10-10T01:39:56+05:30
2025-11-29,34.4,24,52.78,,15.99,54.5,10.35,317.54,21,2026-10-10T01:39:56+05:30
2025-11-30,33.0,24,59.14,,14.95,52.46,10.21,305.2,44,2026-10-10T01:39:56+05:30
2025-12-01,49.6,23,76.67,,14.35,56.04,4.43,324.21,44,2026-10-10T01:39:56+05:30
2025-12-02,58.2,24,99.1,,14.68,54.38,5.75,347.26,60,2026-10-10T01:39:56+05:30
2025-12-03,52.4,24,92.89,,14.41,58.04,9.82,314.03,48,2026-10-10T01:39:56+05:30
2025-12-04,46.1,20,83.98,,14.41,59.75,10.18,304.47,20,2026-10-10T01:39:56+05:30
2025-12-05,57.3,24,81.05,,14.56,59.92,8.66,312.4,31,2026-10-10T01:39:56+05:30
2025-12-06,47.2,24,74.08,,15.82,51.67,13.94,308.17,35,2026-10-10T01:39:56+05:30
2025-12-07,48.2,24,78.43,,16.4,56.42,11.52,307.82,42,2026-10-10T01:39:56+05:30
2025-12-08,49.7,24,72.05,,16.87,55.12,12.69,309.01,40,2026-10-10T01:39:56+05:30
2025-12-09,44.5,24,57.11,,16.33,52.46,12.59,304.06,37,2026-10-10T01:39:56+05:30
2025-12-10,51.7,24,72.85,,16.68,56.42,9.87,307.89,45,2026-10-10T01:39:56+05:30
2025-12-11,60.9,23,99.48,,16.12,63.38,7.21,318.1,54,2026-10-10T01:39:56+05:30
2025-12-12,78.5,24,133.6,,16.11,70.04,5.44,15.09,46,2026-10-10T01:39:56+05:30
2025-12-13,76.4,24,145.7,,15.67,72.79,6.04,99.02,25,2026-10-10T01:39:56+05:30
2025-12-14,52.5,24,156.85,,16.24,72.17,4.25,40.21,30,2026-10-10T01:39:56+05:30
2025-12-15,49.0,24,105.4,,16.84,62.54,12.1,312.52,60,2026-10-10T01:39:56+05:30
2025-12-16,49.9,24,75.94,,16.22,66.0,13.55,304.76,62,2026-10-10T01:39:56+05:30
2025-12-17,53.5,24,91.3,,16.79,66.5,12.09,304.19,45,2026-10-10T01:39:56+05:30
2025-12-18,39.3,21,122.73,,15.45,79.21,5.17,334.03,24,2026-10-10T01:39:56+05:30
2025-12-19,46.8,23,118.97,,15.59,79.54,10.66,302.51,30,2026-10-10T01:39:56+05:30
2025-12-20,63.1,24,134.26,,14.42,84.92,6.09,327.64,6,2026-10-10T01:39:56+05:30
2025-12-21,63.6,21,153.25,,14.26,84.75,5.95,112.48,5,2026-10-10T01:39:56+05:30
2025-12-22,91.8,24,174.12,,15.47,83.29,6.79,8.0,26,2026-10-10T01:39:56+05:30
2025-12-23,77.6,24,90.14,,15.83,77.88,12.9,309.82,63,2026-10-10T01:39:56+05:30
2025-12-24,60.0,15,65.7,,13.88,75.04,11.8,299.3,53,2026-10-10T01:39:56+05:30
2025-12-25,60.1,21,96.16,,13.47,74.67,6.61,294.88,7,2026-10-10T01:39:56+05:30
2025-12-26,73.9,24,112.95,,12.99,82.5,4.76,336.57,29,2026-10-10T01:39:56+05:30
2025-12-27,63.8,21,114.63,,13.51,80.04,8.53,309.23,35,2026-10-10T01:39:56+05:30
2025-12-28,64.9,23,129.43,,12.78,83.75,7.03,305.57,44,2026-10-10T01:39:56+05:30
2025-12-29,72.1,16,131.18,,12.77,80.42,9.12,304.1,59,2026-10-10T01:39:56+05:30
2025-12-30,56.4,22,121.45,,12.2,85.17,7.62,307.4,11,2026-10-10T01:39:56+05:30
2025-12-31,61.3,24,154.23,,11.77,89.12,6.91,111.64,4,2026-10-10T01:39:56+05:30
2026-01-01,63.0,24,129.77,,12.53,88.33,9.92,129.12,2,2026-10-10T01:39:56+05:30
2026-01-02,42.3,23,92.71,,11.85,90.04,8.01,311.83,9,2026-10-10T01:39:56+05:30
2026-01-03,37.9,23,112.58,,10.94,90.17,5.77,308.86,9,2026-10-10T01:39:56+05:30
2026-01-04,36.3,24,113.43,,11.17,88.79,7.02,318.73,12,2026-10-10T01:39:56+05:30
2026-01-05,30.1,24,107.14,,11.03,90.08,10.12,315.69,8,2026-10-10T01:39:56+05:30
2026-01-06,42.7,24,117.26,,11.53,88.25,8.88,311.73,6,2026-10-10T01:39:56+05:30
2026-01-07,36.6,24,128.35,,10.55,91.67,8.22,318.75,9,2026-10-10T01:39:56+05:30
2026-01-08,44.4,24,135.51,,9.15,93.46,4.9,304.02,43,2026-10-10T01:39:56+05:30
2026-01-09,52.0,24,139.61,,8.01,93.29,6.04,340.72,52,2026-10-10T01:39:56+05:30
2026-01-10,43.3,18,114.81,,9.24,86.21,8.43,311.4,33,2026-10-10T01:39:56+05:30
2026-01-20,39.2,4,139.69,,13.84,76.17,8.67,323.36,50,2026-10-10T01:39:56+05:30
2026-01-21,53.0,24,126.5,,13.89,73.88,9.22,314.28,62,2026-10-10T01:39:56+05:30
2026-01-22,56.8,24,120.2,,13.91,71.88,9.45,115.73,31,2026-10-10T01:39:56+05:30
2026-01-23,28.8,24,60.73,,11.71,89.12,21.56,121.07,1,2026-10-10T01:39:56+05:30
2026-01-24,26.0,23,64.88,,8.84,77.79,8.94,324.48,1,2026-10-10T01:39:56+05:30
2026-01-25,29.6,24,76.43,,10.08,78.88,9.04,300.78,6,2026-10-10T01:39:56+05:30
2026-01-26,29.9,24,120.94,,11.3,87.92,3.66,341.86,10,2026-10-10T01:39:56+05:30
2026-01-27,29.0,23,102.36,,11.91,87.08,7.53,68.09,2,2026-10-10T01:39:56+05:30
2026-01-28,34.5,24,72.79,,12.77,86.92,6.53,322.44,10,2026-10-10T01:39:56+05:30
2026-01-29,29.9,24,73.18,,12.19,85.08,10.0,306.34,13,2026-10-10T01:39:56+05:30
2026-01-30,29.0,23,80.12,,12.62,83.29,7.42,301.88,38,2026-10-10T01:39:56+05:30
2026-01-31,41.6,24,131.34,,11.56,88.67,2.89,29.55,3,2026-10-10T01:39:56+05:30
2026-02-01,47.8,24,109.6,,14.47,86.58,7.66,84.11,7,2026-10-10T01:39:56+05:30
2026-02-02,37.6,23,103.08,,12.92,91.21,7.02,315.88,4,2026-10-10T01:39:56+05:30
2026-02-03,37.1,15,125.62,,12.97,88.92,4.86,313.05,24,2026-10-10T01:39:56+05:30
2026-02-04,47.5,15,105.12,,13.4,84.12,10.36,311.87,76,2026-10-10T01:39:56+05:30
2026-02-05,33.2,24,76.47,,13.12,79.42,10.14,299.65,58,2026-10-10T01:39:56+05:30
2026-02-06,37.8,24,66.03,,14.35,76.62,11.53,307.49,16,2026-10-10T01:39:56+05:30
2026-02-07,41.6,14,51.38,,15.43,75.04,12.88,312.25,39,2026-10-10T01:39:56+05:30
2026-02-08,26.2,3,57.51,,14.18,70.88,10.71,301.96,37,2026-10-10T01:39:56+05:30
2026-02-09,38.1,24,103.4,,14.8,77.62,4.62,82.66,27,2026-10-10T01:39:56+05:30
2026-02-10,51.5,24,111.25,,15.98,79.0,6.96,74.67,52,2026-10-10T01:39:56+05:30
2026-02-11,37.3,24,65.81,,16.19,71.29,11.94,314.06,51,2026-10-10T01:39:56+05:30
2026-02-12,26.6,23,58.81,,16.08,65.62,10.55,304.01,29,2026-10-10T01:39:56+05:30
2026-02-13,29.9,24,75.27,,16.69,65.96,9.4,309.8,33,2026-10-10T01:39:56+05:30
2026-02-14,37.7,23,88.86,,17.53,64.67,10.23,319.24,76,2026-10-10T01:39:56+05:30
2026-02-15,43.4,23,94.78,,18.72,63.38,9.91,326.25,131,2026-10-10T01:39:56+05:30
2026-02-16,9.74,10,138.72,,18.64,56.83,5.12,351.06,65,2026-10-10T01:39:56+05:30
2026-02-17,43.6,10,88.78,,18.71,66.96,7.41,119.59,22,2026-10-10T01:39:56+05:30
2026-02-18,21.8,15,72.22,,18.28,74.42,3.6,227.66,15,2026-10-10T01:39:56+05:30
2026-02-19,31.6,11,81.6,,18.43,69.21,4.5,296.02,47,2026-10-10T01:39:56+05:30
2026-02-20,38.7,21,91.37,,19.84,64.83,8.39,322.59,66,2026-10-10T01:39:56+05:30
2026-02-21,27.1,20,82.79,,20.02,62.5,10.72,309.09,40,2026-10-10T01:39:56+05:30
2026-02-22,32.3,23,98.85,,20.24,61.12,7.61,325.69,35,2026-10-10T01:39:56+05:30
2026-02-23,43.0,22,118.57,,20.18,63.58,5.97,318.29,34,2026-10-10T01:39:56+05:30
2026-02-24,40.4,22,109.65,,20.57,60.42,8.07,323.78,56,2026-10-10T01:39:56+05:30
2026-02-25,48.7,23,96.33,,20.54,59.71,9.43,322.54,69,2026-10-10T01:39:56+05:30
2026-02-26,44.9,23,83.61,,21.07,59.96,10.53,322.69,70,2026-10-10T01:39:56+05:30
2026-02-27,38.9,24,81.21,,21.96,53.0,8.57,334.63,43,2026-10-10T01:39:56+05:30
2026-02-28,38.9,24,71.42,,21.42,54.5,9.37,325.71,74,2026-10-10T01:39:56+05:30
2026-03-01,32.4,23,65.15,,21.65,51.79,11.75,319.6,65,2026-10-10T01:39:56+05:30
2026-03-02,38.5,21,70.34,,22.05,48.0,13.15,318.8,164,2026-10-10T01:39:56+05:30
2026-03-03,36.6,24,74.22,,21.98,48.08,13.18,313.4,119,2026-10-10T01:39:56+05:30
2026-03-04,39.4,24,75.94,,24.2,49.12,12.3,315.33,56,2026-10-10T01:39:56+05:30
2026-03-05,34.7,24,90.56,,25.47,53.62,12.66,312.99,75,2026-10-10T01:39:56+05:30
2026-03-06,52.2,24,81.46,,25.69,58.92,6.3,75.71,45,2026-10-10T01:39:56+05:30
2026-03-07,63.6,20,89.6,,25.91,59.33,7.32,135.19,44,2026-10-10T01:39:56+05:30
2026-03-08,46.4,13,86.56,,26.49,53.88,7.52,324.58,92,2026-10-10T01:39:56+05:30
2026-03-09,42.5,21,82.21,,27.3,51.25,10.45,322.76,29,2026-10-10T01:39:56+05:30
2026-03-10,45.5,11,95.65,,26.75,55.83,5.58,113.75,0,2026-10-10T01:39:56+05:30
2026-03-11,43.5,23,80.03,,27.5,46.17,8.32,297.92,0,2026-10-10T01:39:56+05:30
2026-03-12,40.2,23,69.35,,26.2,44.25,10.92,333.6,0,2026-10-10T01:39:56+05:30
2026-03-13,24.1,22,72.2,,24.83,46.33,11.69,319.88,16,2026-10-10T01:39:56+05:30
2026-03-14,28.2,24,52.24,,24.63,36.83,10.36,322.89,36,2026-10-10T01:39:56+05:30
2026-03-15,26.5,22,36.67,,20.15,60.96,11.95,109.59,15,2026-10-10T01:39:56+05:30
2026-03-16,10.2,22,24.38,,17.61,69.67,14.18,79.14,10,2026-10-10T01:39:56+05:30
2026-03-17,29.8,22,43.58,,19.24,64.5,5.89,2.78,10,2026-10-10T01:39:56+05:30
2026-03-18,39.9,24,48.15,,20.16,64.21,9.3,4.13,4,2026-10-10T01:39:56+05:30
2026-03-19,22.7,20,35.1,,19.12,73.54,9.92,105.99,0,2026-10-10T01:39:56+05:30
2026-03-20,12.7,18,35.06,,17.05,87.96,6.67,134.59,4,2026-10-10T01:39:56+05:30
2026-03-21,13.6,24,63.13,,17.78,80.08,8.15,313.89,15,2026-10-10T01:39:56+05:30
2026-03-22,18.6,24,63.43,,20.27,70.08,11.74,315.37,14,2026-10-10T01:39:56+05:30
2026-03-23,29.3,23,54.58,,20.88,71.71,7.72,306.14,15,2026-10-10T01:39:56+05:30
2026-03-24,17.9,24,69.45,,22.16,60.62,10.1,316.47,32,2026-10-10T01:39:56+05:30
2026-03-25,11.1,23,47.15,,24.44,49.29,9.72,332.75,7,2026-10-10T01:39:56+05:30
2026-03-26,19.6,23,51.7,,24.04,61.33,12.34,325.66,2,2026-10-10T01:39:56+05:30
2026-03-27,18.3,24,31.37,,23.29,66.79,10.7,311.46,16,2026-10-10T01:39:56+05:30
2026-03-28,21.6,24,36.15,,23.53,63.5,6.15,15.84,9,2026-10-10T01:39:56+05:30
2026-03-29,22.9,22,49.43,,24.5,63.79,11.97,80.27,16,2026-10-10T01:39:56+05:30
2026-03-30,20.0,22,83.7,,23.74,74.42,9.59,165.62,6,2026-10-10T01:39:56+05:30
2026-03-31,36.8,24,70.49,,24.42,65.46,7.86,277.29,9,2026-10-10T01:39:56+05:30
2026-04-01,16.5,24,38.23,,24.5,61.75,6.71,338.76,3,2026-10-10T01:39:56+05:30
2026-04-02,24.9,21,37.57,,25.24,54.54,8.65,3.41,6,2026-10-10T01:39:56+05:30
2026-04-03,25.4,24,53.83,,22.6,73.42,8.25,241.38,3,2026-10-10T01:39:56+05:30
2026-04-04,16.0,24,48.45,,20.38,80.46,7.49,340.44,7,2026-10-10T01:39:56+05:30
2026-04-05,11.2,24,41.48,,21.5,63.08,7.26,330.45,21,2026-10-10T01:39:56+05:30
2026-04-06,21.2,23,38.19,,22.75,47.08,6.35,354.02,14,2026-10-10T01:39:56+05:30
2026-04-07,14.4,19,62.74,,22.51,58.17,14.15,138.19,0,2026-10-10T01:39:56+05:30
2026-04-08,9.05,24,25.69,,18.93,82.21,14.68,121.6,21,2026-10-10T01:39:56+05:30
2026-04-09,11.7,20,39.13,,20.14,67.75,7.61,349.01,24,2026-10-10T01:39:56+05:30
2026-04-10,57.6,24,87.14,,21.7,59.08,14.43,322.33,16,2026-10-10T01:39:56+05:30
2026-04-11,39.7,17,54.47,,23.13,54.79,10.79,333.79,17,2026-10-10T01:39:56+05:30
2026-04-12,32.2,16,60.0,,23.58,52.83,11.16,325.39,30,2026-10-10T01:39:56+05:30
2026-04-13,34.3,21,49.34,,25.57,37.17,11.74,335.32,25,2026-10-10T01:39:56+05:30
2026-04-14,40.0,21,43.15,,27.63,31.83,12.11,341.91,36,2026-10-10T01:39:56+05:30
2026-04-15,90.7,24,41.66,,29.55,27.42,12.39,339.2,26,2026-10-10T01:39:56+05:30
2026-04-16,48.4,13,32.3,,30.44,27.21,10.38,353.22,21,2026-10-10T01:39:56+05:30
2026-04-17,42.2,20,41.36,,28.59,31.62,6.28,33.91,24,2026-10-10T01:39:56+05:30
2026-04-18,43.3,19,43.39,,30.83,29.58,9.02,343.73,69,2026-10-10T01:39:56+05:30
2026-04-19,42.3,22,65.18,,31.33,29.96,12.68,341.33,62,2026-10-10T01:39:56+05:30
2026-04-20,34.9,21,56.66,,30.25,28.75,14.44,332.13,91,2026-10-10T01:39:56+05:30
2026-04-21,33.3,18,60.8,,30.52,23.67,12.81,325.32,124,2026-10-10T01:39:56+05:30
2026-04-22,32.5,22,54.55,,31.44,26.25,13.64,339.16,168,2026-10-10T01:39:56+05:30
2026-04-23,41.3,21,52.32,,32.8,26.0,13.21,343.74,261,2026-10-10T01:39:56+05:30
2026-04-24,41.4,23,59.4,,32.8,28.79,15.88,344.83,299,2026-10-10T01:39:56+05:30
2026-04-25,30.2,23,83.33,,33.8,24.67,12.17,340.77,483,2026-10-10T01:39:56+05:30
2026-04-26,31.4,21,63.93,,33.22,25.46,9.1,319.31,496,2026-10-10T01:39:56+05:30
2026-04-27,28.9,24,60.35,,33.99,22.17,7.81,301.63,919,2026-10-10T01:39:56+05:30
2026-04-28,35.5,22,49.46,,33.01,26.75,7.4,294.25,0,2026-10-10T01:39:56+05:30
2026-04-29,30.1,23,41.86,,29.69,39.83,5.2,355.66,0,2026-10-10T01:39:56+05:30
2026-04-30,31.5,24,54.18,,26.56,57.04,9.57,100.86,0,2026-10-10T01:39:56+05:30
2026-05-01,15.8,23,81.67,,28.74,50.67,8.35,95.8,0,2026-10-10T01:39:56+05:30
2026-05-02,30.8,18,72.68,,29.6,44.54,7.9,103.71,0,2026-10-10T01:39:56+05:30
2026-05-03,18.9,24,115.97,,28.28,50.62,13.45,118.22,0,2026-10-10T01:39:56+05:30
2026-05-04,10.5,24,64.18,,24.25,66.71,13.03,97.86,0,2026-10-10T01:39:56+05:30
2026-05-05,17.2,18,59.0,,26.51,52.83,4.29,119.33,0,2026-10-10T01:39:56+05:30
2026-05-06,14.3,9,44.18,,26.8,50.29,4.52,16.79,0,2026-10-10T01:39:56+05:30
2026-05-07,17.9,17,96.0,,26.63,47.17,8.53,114.94,0,2026-10-10T01:39:56+05:30
2026-05-08,19.5,24,74.98,,26.89,55.58,9.47,110.89,0,2026-10-10T01:39:56+05:30
2026-05-09,27.6,20,60.06,,28.34,51.0,7.1,115.53,0,2026-10-10T01:39:56+05:30
2026-05-10,30.4,22,87.45,,29.78,48.0,11.26,120.53,0,2026-10-10T01:39:56+05:30
2026-05-11,28.5,24,85.83,,30.23,49.38,9.46,114.22,0,2026-10-10T01:39:56+05:30
2026-05-12,34.0,21,91.34,,28.95,56.17,11.36,90.58,0,2026-10-10T01:39:56+05:30
2026-05-13,28.8,21,88.38,,29.55,54.83,7.65,87.24,0,2026-10-10T01:39:56+05:30
2026-05-14,27.6,23,63.88,,32.33,34.12,9.99,319.39,0,2026-10-10T01:39:56+05:30
2026-05-15,30.1,24,65.84,,32.03,32.29,10.49,321.91,391,2026-08-15T22:35:28+05:30
2026-05-16,31.7,23,88.98,,31.3,36.71,11.19,321.63,784,2026-08-15T22:35:28+05:30
2026-05-17,32.2,24,105.07,,32.86,34.75,12.29,320.2,1059,2026-08-15T22:35:28+05:30
2026-05-18,34.4,24,92.79,,34.45,35.38,10.17,312.92,111,2026-08-15T22:35:28+05:30
2026-05-19,40.4,24,90.74,,35.84,26.12,10.71,287.29,293,2026-08-15T22:35:28+05:30
2026-05-20,35.4,23,96.58,,35.55,20.17,7.39,288.58,514,2026-08-15T22:35:28+05:30
2026-05-21,39.7,20,61.81,,35.46,26.62,9.8,301.61,274,2026-08-15T22:35:28+05:30
2026-05-22,32.8,22,97.92,,34.84,25.5,13.46,325.84,176,2026-08-15T22:35:28+05:30
2026-05-23,39.9,23,78.73,,33.25,29.0,13.05,315.82,189,2026-08-15T22:35:28+05:30
2026-05-24,33.5,23,67.27,,34.6,24.92,11.88,323.32,212,2026-08-15T22:35:28+05:30
2026-05-25,41.1,23,61.0,,35.23,25.0,7.98,314.99,280,2026-08-15T22:35:28+05:30
2026-05-26,29.4,22,78.94,,34.97,20.33,12.52,320.87,518,2026-08-15T22:35:28+05:30
2026-05-27,37.7,20,93.47,,35.53,20.5,11.99,318.51,362,2026-08-15T22:35:28+05:30
2026-05-28,39.3,22,150.72,,32.16,39.25,11.26,107.63,324,2026-08-15T22:35:28+05:30
2026-05-29,28.6,24,182.24,,29.49,53.96,17.6,120.24,109,2026-08-15T22:35:28+05:30
2026-05-30,14.0,24,130.46,,28.49,59.83,11.87,120.17,14,2026-08-15T22:35:28+05:30
2026-05-31,10.3,23,72.8,,27.49,64.83,8.74,118.99,34,2026-08-15T22:35:28+05:30
2026-06-01,13.3,24,67.82,,28.1,62.5,5.85,116.38,61,2026-08-15T22:35:28+05:30
2026-06-02,18.2,22,52.07,,29.83,56.83,4.56,111.96,123,2026-08-15T22:35:28+05:30
2026-06-03,22.6,23,53.0,,31.4,51.54,4.17,346.78,24,2026-08-15T22:35:28+05:30
2026-06-04,29.3,24,78.67,,31.5,50.54,6.86,79.59,82,2026-08-15T22:35:28+05:30
2026-06-05,22.7,15,69.22,,30.79,53.79,7.08,136.52,76,2026-08-15T22:35:28+05:30
2026-06-06,25.2,14,66.99,,32.57,43.71,6.17,263.64,75,2026-08-15T22:35:28+05:30
2026-06-07,43.1,23,58.23,,34.15,37.29,5.84,329.11,153,2026-08-15T22:35:28+05:30
2026-06-08,42.9,23,74.26,,34.5,33.04,6.65,316.31,137,2026-08-15T22:35:28+05:30
2026-06-09,41.4,23,85.3,,35.48,30.38,7.67,298.23,145,2026-08-15T22:35:28+05:30
2026-06-10,36.8,21,115.41,,35.67,33.29,7.14,137.91,166,2026-08-15T22:35:28+05:30
2026-06-11,25.4,23,245.68,,32.04,57.29,17.34,117.26,106,2026-08-15T22:35:28+05:30
2026-06-12,10.5,24,252.69,,28.23,69.58,16.74,122.2,21,2026-08-15T22:35:28+05:30
2026-06-13,16.9,24,61.0,,29.89,61.46,5.1,80.08,12,2026-08-15T22:35:28+05:30
2026-06-14,26.9,24,56.98,,30.36,57.21,5.98,318.09,31,2026-08-15T22:35:28+05:30
2026-06-15,35.6,17,110.7,,31.79,49.21,4.45,64.82,62,2026-08-15T22:35:28+05:30
2026-06-16,19.2,21,104.83,,32.0,51.25,5.35,305.94,61,2026-08-15T22:35:28+05:30
2026-06-17,29.3,24,92.3,,31.62,55.25,3.93,296.61,141,2026-08-15T22:35:28+05:30
2026-06-18,34.9,19,70.56,,32.36,52.67,6.92,323.4,276,2026-08-15T22:35:28+05:30
2026-06-19,32.3,19,96.65,,31.93,54.29,9.3,300.98,17,2026-08-15T22:35:28+05:30
2026-06-20,31.0,19,101.58,,32.27,49.42,10.81,302.81,105,2026-08-15T22:35:28+05:30
2026-06-21,39.8,23,92.38,,32.62,46.21,10.29,298.77,208,2026-08-15T22:35:28+05:30
2026-06-22,17.1,20,80.64,,31.33,52.0,8.25,295.98,67,2026-08-15T22:35:28+05:30
2026-06-23,31.5,11,69.67,,32.1,49.0,9.37,295.49,214,2026-08-15T22:35:28+05:30
2026-06-25,38.6,3,90.26,,33.38,50.08,4.98,136.19,76,2026-08-15T22:35:28+05:30
2026-06-26,37.5,20,69.7,,33.67,52.12,5.65,210.03,69,2026-08-15T22:35:28+05:30
2026-06-27,33.3,12,82.55,,34.1,52.21,6.55,271.31,97,2026-08-15T22:35:28+05:30
2026-06-28,39.5,24,85.57,,34.82,51.33,6.13,300.94,135,2026-08-15T22:35:28+05:30
2026-06-29,37.0,24,96.56,,34.35,53.62,7.13,129.26,71,2026-08-15T22:35:28+05:30
2026-06-30,42.7,20,84.53,,33.62,57.79,10.46,126.47,5,2026-08-15T22:35:28+05:30
2026-07-01,22.3,23,69.15,,31.35,68.83,12.14,118.79,22,2026-08-15T22:35:28+05:30
2026-07-02,15.8,19,43.64,,29.45,77.79,9.38,116.67,17,2026-08-15T22:35:28+05:30
2026-07-03,18.8,24,29.87,,30.25,78.25,7.75,119.52,40,2026-08-15T22:35:28+05:30
2026-07-04,20.6,23,52.7,,30.34,81.79,3.95,117.32,48,2026-08-15T22:35:28+05:30
2026-07-05,25.9,24,95.63,,31.07,78.71,5.85,138.72,5,2026-08-15T22:35:28+05:30
2026-07-06,16.1,24,32.92,,29.54,84.29,8.97,124.36,17,2026-08-15T22:35:28+05:30
2026-07-07,20.9,23,64.21,,29.28,85.75,7.21,128.3,11,2026-08-15T22:35:28+05:30
2026-07-08,15.2,24,51.67,,29.12,82.0,10.21,120.12,6,2026-08-15T22:35:28+05:30
2026-07-09,17.6,24,65.08,,26.8,91.42,4.99,55.97,38,2026-08-15T22:35:28+05:30
2026-07-10,5.62,24,49.9,,28.81,79.62,6.01,74.95,15,2026-08-15T22:35:28+05:30
2026-07-11,17.6,24,67.57,,28.66,83.0,6.75,134.13,1,2026-08-15T22:35:28+05:30
2026-07-12,44.5,24,89.77,,29.31,81.88,7.95,99.49,0,2026-08-15T22:35:28+05:30
2026-07-13,24.9,24,90.1,,29.8,78.54,5.7,309.66,1,2026-08-15T22:35:28+05:30
2026-07-14,24.5,24,113.37,,31.02,73.62,5.68,293.18,6,2026-08-15T22:35:28+05:30
2026-07-15,40.4,24,108.37,,31.09,74.71,6.83,288.79,25,2026-08-15T22:35:28+05:30
2026-07-16,29.6,24,98.45,,31.18,71.67,6.67,305.58,7,2026-08-15T22:35:28+05:30
2026-07-17,33.3,23,115.06,,31.42,73.29,5.75,297.6,8,2026-08-15T22:35:28+05:30
2026-07-18,34.1,24,117.29,,32.31,68.83,4.11,234.81,8,2026-08-15T22:35:28+05:30
2026-07-19,34.9,23,129.88,,31.0,77.58,8.68,111.52,0,2026-08-15T22:35:28+05:30
2026-07-20,19.2,23,50.7,,28.73,84.08,10.97,114.73,0,2026-08-15T22:35:28+05:30
2026-07-21,9.67,23,26.28,,27.77,88.92,10.23,120.62,3,2026-08-15T22:35:28+05:30
2026-07-22,10.3,21,24.45,,28.74,82.88,11.46,115.17,6,2026-08-15T22:35:28+05:30
2026-07-23,11.8,24,25.07,,28.7,82.96,10.23,106.8,3,2026-08-15T22:35:28+05:30
2026-07-24,9.52,16,25.99,,28.55,83.38,12.0,107.38,0,2026-08-15T22:35:28+05:30
2026-07-25,10.7,9,30.2,,28.11,86.62,11.39,119.13,6,2026-08-15T22:35:28+05:30
2026-07-26,13.1,23,54.31,,29.79,81.88,5.31,131.35,6,2026-08-15T22:35:28+05:30
2026-07-27,16.6,24,81.77,,30.08,82.38,5.75,152.03,4,2026-08-15T22:35:28+05:30
2026-07-28,14.0,17,38.62,,27.93,86.79,8.67,121.65,1,2026-08-15T22:35:28+05:30
2026-07-29,17.4,15,41.43,,28.79,85.79,6.3,123.9,3,2026-08-15T22:35:28+05:30
2026-07-30,13.9,23,51.87,,28.46,89.12,8.95,123.43,6,2026-08-15T22:35:28+05:30
2026-07-31,7.07,24,38.51,,29.38,80.46,11.3,113.46,7,2026-08-15T22:35:28+05:30
2026-08-01,11.4,24,33.55,,28.96,82.38,11.0,110.76,0,2026-08-15T22:35:28+05:30
2026-08-02,11.6,24,41.12,,29.06,84.79,7.67,115.12,8,2026-08-15T22:35:28+05:30
2026-08-03,14.0,22,45.36,,28.17,89.58,7.23,110.33,0,2026-08-15T22:35:28+05:30
2026-08-04,7.36,24,52.4,,27.6,90.46,6.65,106.93,3,2026-08-15T22:35:28+05:30
2026-08-05,12.6,24,48.7,,28.09,89.17,5.47,149.18,8,2026-08-15T22:35:28+05:30
2026-08-06,17.8,20,49.27,,27.78,87.5,8.5,111.14,1,2026-08-16T23:51:34+05:30
2026-08-07,10.5,23,37.93,,26.66,90.83,8.33,31.63,1,2026-08-16T23:51:34+05:30
2026-08-08,20.4,22,44.3,,27.28,90.21,6.75,71.27,2,2026-08-16T23:51:34+05:30
2026-08-09,11.9,23,52.55,,29.02,86.92,4.86,101.1,2,2026-08-16T23:51:34+05:30
2026-08-10,15.5,24,61.33,,28.74,86.83,6.62,121.07,4,2026-08-16T23:51:34+05:30
2026-08-11,14.5,24,49.73,,28.19,89.38,8.17,121.46,7,2026-08-16T23:51:34+05:30
2026-08-12,14.1,23,69.24,,29.84,83.0,3.55,260.19,5,2026-08-16T23:51:34+05:30
2026-08-13,17.1,22,85.96,,30.57,80.88,5.55,245.5,0,2026-08-16T23:51:34+05:30
2026-08-14,14.8,23,70.47,,28.66,88.83,5.7,126.09,0,2026-08-15T23:41:06+05:30
2026-08-15,13.4,23,42.98,,28.25,88.62,5.44,210.37,1,2026-09-06T18:28:58+05:30
2026-08-16,13.6,21,42.62,2026-08-15,28.25,85.92,5.67,214.5,24,2026-09-06T18:28:58+05:30
2026-08-17,15.2,19,51.46,2026-08-16,28.17,87.71,4.88,193.83,0,2026-09-06T18:28:58+05:30
2026-08-18,15.7,24,44.91,2026-08-17,27.61,87.79,6.83,157.54,4,2026-09-06T18:28:58+05:30
2026-08-19,16.8,23,43.93,2026-08-18,28.0,88.38,6.02,120.53,1,2026-09-06T18:28:58+05:30
2026-08-20,16.4,19,43.96,2026-08-19,28.05,88.62,4.48,114.39,8,2026-09-06T18:28:58+05:30
2026-08-21,13.5,21,65.55,2026-08-20,28.02,89.29,4.33,280.5,3,2026-09-06T18:28:58+05:30
2026-08-22,16.9,24,59.07,2026-08-21,28.28,87.08,4.28,232.5,4,2026-09-06T18:28:58+05:30
2026-08-23,15.6,23,44.94,2026-08-22,28.37,84.5,6.88,111.46,15,2026-09-06T18:28:58+05:30
2026-08-24,20.3,23,62.19,2026-08-23,29.48,84.75,4.37,189.96,2,2026-09-06T18:28:58+05:30
2026-08-25,19.2,24,72.57,2026-08-24,30.19,80.29,4.4,89.84,2,2026-09-06T18:28:58+05:30
2026-08-26,21.2,23,90.74,2026-08-25,30.51,76.12,5.42,303.89,4,2026-09-06T18:28:58+05:30
2026-08-27,30.0,14,89.42,2026-08-26,30.19,77.92,5.58,88.99,9,2026-09-06T18:28:58+05:30
2026-08-28,25.1,1,100.42,2026-08-27,30.36,77.79,7.12,243.77,0,2026-09-06T18:28:58+05:30
2026-08-29,25.5,7,109.85,2026-08-28,30.8,71.96,4.46,243.74,7,2026-09-06T18:28:58+05:30
2026-08-30,17.1,18,108.16,2026-08-29,29.67,78.12,8.02,118.67,4,2026-09-06T18:28:58+05:30
2026-08-31,18.2,24,67.1,2026-08-30,29.84,75.04,7.6,134.75,11,2026-09-06T18:28:58+05:30
2026-09-01,15.9,24,66.48,2026-08-31,28.91,78.88,8.78,120.57,9,2026-09-06T18:28:58+05:30
2026-09-02,12.0,17,55.57,2026-09-01,27.56,86.0,7.57,119.26,1,2026-09-06T18:28:58+05:30
2026-09-03,7.74,21,31.84,2026-09-02,27.65,86.21,5.9,112.46,13,2026-09-06T18:28:58+05:30
2026-09-04,9.65,24,34.34,2026-09-03,28.68,83.5,5.7,131.05,3,2026-09-09T13:00:58+05:30
2026-09-05,13.5,24,61.6,2026-09-04,26.31,90.54,6.65,112.34,5,2026-09-09T13:00:58+05:30
2026-09-06,13.7,24,53.48,2026-09-05,28.95,76.04,5.72,308.14,9,2026-09-09T13:00:58+05:30
2026-09-07,17.7,24,82.08,2026-09-06,28.63,79.17,5.74,300.53,15,2026-09-09T13:00:58+05:30
2026-09-08,23.2,20,77.57,2026-09-07,29.1,73.5,7.66,289.83,6,2026-09-09T13:00:58+05:30
2026-09-09,25.9,24,70.17,2026-09-08,29.91,70.08,7.28,284.95,7,2026-09-12T12:48:03+05:30
2026-09-10,19.8,24,61.94,2026-09-09,29.96,68.12,6.02,287.71,13,2026-09-12T12:48:03+05:30
2026-09-11,27.8,16,64.15,2026-09-10,28.95,77.88,7.17,115.6,16,2026-09-13T13:06:24+05:30
2026-09-12,9.48,24,36.65,2026-09-11,28.38,82.38,6.52,97.47,29,2026-09-17T13:25:41+05:30
2026-09-13,9.88,24,39.18,2026-09-12,28.65,81.79,5.6,111.83,11,2026-09-17T13:25:41+05:30
2026-09-14,12.5,24,25.65,2026-09-13,28.0,83.75,7.21,103.22,13,2026-09-17T13:25:41+05:30
2026-09-15,17.7,23,38.04,2026-09-14,27.78,84.21,5.53,120.91,5,2026-09-17T13:25:41+05:30
2026-09-16,20.9,22,52.23,2026-09-15,26.3,87.17,6.51,266.59,8,2026-09-17T13:25:41+05:30
2026-09-17,15.7,20,46.85,2026-09-16,26.32,82.58,5.9,299.85,10,2026-09-18T13:03:49+05:30
2026-09-18,11.9,24,52.85,2026-09-17,27.98,70.0,8.15,306.92,9,2026-09-22T13:23:34+05:30
2026-09-19,18.5,24,64.89,2026-09-18,27.41,73.38,5.97,317.41,20,2026-09-22T13:23:34+05:30
2026-09-20,24.6,18,52.98,2026-09-19,27.54,71.33,5.71,321.76,18,2026-09-22T13:23:34+05:30
2026-09-21,33.3,20,46.77,2026-09-20,28.22,67.25,8.23,311.58,22,2026-09-22T13:23:34+05:30
2026-09-22,32.8,24,71.15,2026-09-21,28.22,72.75,8.62,304.36,26,2026-09-25T13:36:00+05:30
2026-09-23,30.6,24,68.4,2026-09-22,28.52,68.83,5.44,320.09,43,2026-09-25T13:36:00+05:30
2026-09-24,33.4,22,76.31,2026-09-23,28.48,69.58,7.37,141.57,18,2026-09-25T13:36:00+05:30
2026-09-25,20.3,24,44.25,2026-09-24,27.87,74.29,5.9,283.57,14,2026-09-30T14:24:00+05:30
2026-09-26,19.0,16,66.52,2026-09-25,26.32,81.12,7.05,321.95,9,2026-09-30T14:24:00+05:30
2026-09-27,8.41,10,57.2,2026-09-26,26.42,74.71,9.1,120.89,42,2026-09-30T14:24:00+05:30
2026-09-28,12.9,24,44.79,2026-09-27,23.62,87.12,5.44,89.1,37,2026-09-30T14:24:00+05:30
2026-09-29,21.4,19,78.19,2026-09-28,25.37,80.88,9.28,300.3,39,2026-09-30T14:24:00+05:30
2026-09-30,20.9,24,87.65,2026-09-29,25.58,75.04,9.45,296.13,33,2026-10-03T13:57:46+05:30
2026-10-01,34.2,24,73.25,2026-09-30,26.49,72.08,8.65,300.03,35,2026-10-03T13:57:46+05:30
2026-10-02,41.1,15,91.87,2026-10-01,27.15,70.25,8.77,295.46,59,2026-10-10T01:24:45+05:30
2026-10-03,37.8,24,84.45,2026-10-02,27.55,73.25,6.27,306.06,89,2026-10-08T14:51:00+05:30
2026-10-04,42.4,15,93.88,2026-10-03,28.04,74.04,3.1,293.55,89,2026-10-08T14:51:00+05:30
2026-10-05,38.1,21,90.19,2026-10-04,28.27,72.25,4.56,179.19,37,2026-10-08T14:51:00+05:30
2026-10-06,33.1,24,117.59,2026-10-05,27.45,75.88,9.21,121.77,38,2026-10-08T14:51:00+05:30
2026-10-07,24.3,19,59.68,2026-10-06,25.68,80.25,9.35,122.22,58,2026-10-08T14:51:00+05:30
2026-10-08,,,80.02,2026-10-07,26.15,76.04,6.91,122.1,57,2026-10-10T01:24:45+05:30
2026-10-09,,,107.0,2026-10-08,25.21,77.38,8.7,121.03,129,2026-10-10T01:24:45+05:30
2026-10-10,,,99.25,2026-10-09,25.48,75.17,12.15,110.81,,2026-10-09T14:58:42+05:30
2026-10-11,,,64.36,2026-10-10,23.96,80.88,9.95,107.4,,2026-10-10T01:24:45+05:30
